block_address_id	raw_label	block_range	street_name
"1"	"0 Block of FRESNO ST"	"0"	"FRESNO ST"
"2"	"0 Block of HENRY ADAMS ST"	"0"	"HENRY ADAMS ST"
"3"	"0 Block of MINT PLZ"	"0"	"MINT PLZ"
"4"	"0 Block of ROMOLO ST"	"0"	"ROMOLO ST"
"5"	"0 Block of STANYAN ST"	"0"	"STANYAN ST"
"6"	"0 Block of SUMMIT WAY"	"0"	"SUMMIT WAY"
"7"	"100 Block of LANDERS ST"	"100"	"LANDERS ST"
"8"	"100 Block of SUMMIT WAY"	"100"	"SUMMIT WAY"
"9"	"100 Block of VAN NESS AVE"	"100"	"VAN NESS AVE"
"10"	"1000 Block of BUSH ST"	"1000"	"BUSH ST"
"11"	"1000 Block of HAMPSHIRE ST"	"1000"	"HAMPSHIRE ST"
"12"	"1200 Block of HAIGHT ST"	"1200"	"HAIGHT ST"
"13"	"1200 Block of PINE ST"	"1200"	"PINE ST"
"14"	"1300 Block of LA PLAYA ST"	"1300"	"LA PLAYA ST"
"15"	"1800 Block of BAY SHORE BLVD"	"1800"	"BAY SHORE BLVD"
"16"	"1800 Block of PAGE ST"	"1800"	"PAGE ST"
"17"	"200 Block of N LAKE MERCED HLS"	"200"	"N LAKE MERCED HLS"
"18"	"200 Block of STEINER ST"	"200"	"STEINER ST"
"19"	"200 Block of SUMMIT WAY"	"200"	"SUMMIT WAY"
"20"	"2200 Block of BROADWAY ST"	"2200"	"BROADWAY ST"
"21"	"2300 Block of SAN BRUNO AVE"	"2300"	"SAN BRUNO AVE"
"22"	"2500 Block of POLK ST"	"2500"	"POLK ST"
"23"	"2700 Block of GOLDEN GATE AVE"	"2700"	"GOLDEN GATE AVE"
"24"	"300 Block of BRIGHTON AVE"	"300"	"BRIGHTON AVE"
"25"	"300 Block of TURK ST"	"300"	"TURK ST"
"26"	"3800 Block of SCOTT ST"	"3800"	"SCOTT ST"
"27"	"400 Block of DONAHUE ST"	"400"	"DONAHUE ST"
"28"	"400 Block of MISSION BAY BLVD"	"400"	"MISSION BAY BLVD"
"29"	"400 Block of STOCKTON ST"	"400"	"STOCKTON ST"
"30"	"500 Block of BUENA VISTA AVE"	"500"	"BUENA VISTA AVE"
"31"	"500 Block of DONAHUE ST"	"500"	"DONAHUE ST"
"32"	"500 Block of FOLSOM ST"	"500"	"FOLSOM ST"
"33"	"700 Block of EARL ST"	"700"	"EARL ST"
"34"	"700 Block of OFARRELL ST"	"700"	"OFARRELL ST"
"35"	"800 Block of GUERRERO ST"	"800"	"GUERRERO ST"
"36"	"900 Block of VALENCIA ST"	"900"	"VALENCIA ST"
