point_id	longitude	latitude	neighborhood_id	district_id
"1"	"-122.370476871"	"37.728345599"	"1"	"10"
"2"	"-122.373398083"	"37.728278905"	"1"	"10"
"3"	"-122.394922601"	"37.787027218"	"4"	"6"
"4"	"-122.397353761"	"37.770178821"	"12"	"6"
"5"	"-122.397440475"	"37.780826106"	"19"	"6"
"6"	"-122.398554627"	"37.769625656"	"12"	"6"
"7"	"-122.403074535"	"37.711670115"	"1"	"10"
"8"	"-122.403888909"	"37.769190148"	"12"	"6"
"9"	"-122.403991276"	"37.788796326"	"4"	"3"
"10"	"-122.406233728"	"37.798263576"	"14"	"3"
"11"	"-122.406332771"	"37.798739186"	"14"	"3"
"12"	"-122.406342054"	"37.785982379"	"4"	"3"
"13"	"-122.406425846"	"37.733729644"	"17"	"9"
"14"	"-122.406749744"	"37.79848503"	"14"	"3"
"15"	"-122.407329104"	"37.790987195"	"13"	"3"
"16"	"-122.407456231"	"37.755311721"	"11"	"9"
"17"	"-122.407576708"	"37.783060288"	"19"	"6"
"18"	"-122.408234537"	"37.795373706"	"3"	"3"
"19"	"-122.408410392"	"37.796255117"	"3"	"3"
"20"	"-122.408562639"	"37.797006795"	"3"	"3"
"21"	"-122.408928384"	"37.798793964"	"3"	"3"
"22"	"-122.413326362"	"37.783692487"	"21"	"5"
"23"	"-122.414539182"	"37.789370354"	"13"	"3"
"24"	"-122.414862827"	"37.782635513"	"21"	"5"
"25"	"-122.416392889"	"37.790203959"	"13"	"3"
"26"	"-122.41706961"	"37.785217363"	"21"	"5"
"27"	"-122.419454933"	"37.776852076"	"21"	"6"
"28"	"-122.421086718"	"37.757305864"	"11"	"9"
"29"	"-122.422550837"	"37.800167606"	"18"	"3"
"30"	"-122.423259252"	"37.757165651"	"11"	"9"
"31"	"-122.42772252"	"37.765099987"	"2"	"8"
"32"	"-122.431274062"	"37.772057"	"6"	"5"
"33"	"-122.432113602"	"37.771655222"	"5"	"5"
"34"	"-122.434564848"	"37.771638115"	"5"	"5"
"35"	"-122.438217184"	"37.768080117"	"2"	"8"
"36"	"-122.438391369"	"37.766493452"	"2"	"8"
"37"	"-122.442289388"	"37.805319345"	"10"	"2"
"38"	"-122.442665736"	"37.770607816"	"5"	"5"
"39"	"-122.444006751"	"37.793065145"	"16"	"2"
"40"	"-122.449942042"	"37.769679639"	"5"	"5"
"41"	"-122.450474554"	"37.769611726"	"5"	"5"
"42"	"-122.451242158"	"37.770470293"	"5"	"5"
"43"	"-122.451298931"	"37.769506587"	"5"	"5"
"44"	"-122.452712294"	"37.769326177"	"5"	"5"
"45"	"-122.455062194"	"37.722760694"	"15"	"11"
"46"	"-122.455184003"	"37.719136184"	"15"	"11"
"47"	"-122.455200494"	"37.722760282"	"15"	"11"
"48"	"-122.4552523"	"37.777308306"	"9"	"1"
"49"	"-122.455945573"	"37.776979909"	"9"	"1"
"50"	"-122.466563874"	"37.781883928"	"7"	"1"
"51"	"-122.476338616"	"37.714950117"	"8"	"7"
"52"	"-122.485235723"	"37.708630982"	"8"	"7"
"53"	"-122.485266252"	"37.716523518"	"8"	"7"
"54"	"-122.50914512"	"37.75935381"	"20"	"4"
"55"	"-122.509404715"	"37.763084762"	"20"	"4"
