rent_band_id	raw_label	min_rent	max_rent	is_no_rent_paid	overlaps_other
"1"	"$0 (no rent paid by the occupant)"	\N	\N	"1"	"0"
"2"	"$1001-$1250"	"1001"	"1250"	"0"	"0"
"3"	"$1251-$1500"	"1251"	"1500"	"0"	"0"
"4"	"$1501-$1750"	"1501"	"1750"	"0"	"0"
"5"	"$1751-$2000"	"1751"	"2000"	"0"	"1"
"6"	"$2001-$2250"	"2001"	"2250"	"0"	"0"
"7"	"$2251-$2500"	"2251"	"2500"	"0"	"0"
"8"	"$2501-$2750"	"2501"	"2750"	"0"	"0"
"9"	"$2751-$3000"	"2751"	"3000"	"0"	"0"
"10"	"$3001-$3250"	"3001"	"3250"	"0"	"0"
"11"	"$3251-$3500"	"3251"	"3500"	"0"	"0"
"12"	"$3501-$3750"	"3501"	"3750"	"0"	"0"
"13"	"$3751-$4000"	"3751"	"4000"	"0"	"0"
"14"	"$4001-$4250"	"4001"	"4250"	"0"	"0"
"15"	"$4501-$4750"	"4501"	"4750"	"0"	"0"
"16"	"$4751-$5000"	"4751"	"5000"	"0"	"0"
"17"	"$5001-$5250"	"5001"	"5250"	"0"	"0"
"18"	"$501-$750"	"501"	"750"	"0"	"0"
"19"	"$5501-$5750"	"5501"	"5750"	"0"	"0"
"20"	"$6001-$6250"	"6001"	"6250"	"0"	"0"
"21"	"$7000+"	"7000"	\N	"0"	"0"
"22"	"$751-$1000"	"751"	"1000"	"0"	"0"
