unique_id	utility_id	source_checkbox	source_text
"-4647246791381119432"	"1"	"1"	"0"
"-4647246791381119432"	"4"	"1"	"0"
"-4647246791381119432"	"5"	"0"	"1"
"-4473846697338016110"	"1"	"1"	"0"
"-4457013355051929431"	"1"	"1"	"0"
"-4457013355051929431"	"4"	"1"	"0"
"-4419561006219249773"	"1"	"1"	"0"
"-4419561006219249773"	"2"	"1"	"0"
"-4419561006219249773"	"3"	"1"	"0"
"-4419561006219249773"	"4"	"1"	"0"
"-4340103387299914790"	"1"	"1"	"0"
"-4340103387299914790"	"2"	"1"	"0"
"-4340103387299914790"	"3"	"1"	"0"
"-4340103387299914790"	"4"	"1"	"0"
"-4003422356088595289"	"4"	"1"	"0"
"-3860075460131494022"	"1"	"1"	"0"
"-3860075460131494022"	"4"	"1"	"0"
"-3685132144794909753"	"1"	"1"	"0"
"-3685132144794909753"	"4"	"1"	"0"
"-3441925348783985092"	"1"	"1"	"0"
"-3441925348783985092"	"4"	"1"	"0"
"-3247303540303568389"	"1"	"1"	"0"
"-3247303540303568389"	"4"	"1"	"0"
"-2821369502249672568"	"1"	"1"	"0"
"-2821369502249672568"	"4"	"1"	"0"
"-2720694661172750450"	"1"	"1"	"0"
"-2720694661172750450"	"4"	"1"	"0"
"-4434578834705287754"	"1"	"1"	"0"
"-4434578834705287754"	"4"	"1"	"0"
"-4434157479121202894"	"1"	"1"	"0"
"-4434157479121202894"	"4"	"1"	"0"
"-4434157479121202894"	"5"	"0"	"1"
"-4433822344655517742"	"1"	"1"	"0"
"-4433822344655517742"	"4"	"1"	"0"
"-4972690824421903492"	"1"	"1"	"0"
"-4972690824421903492"	"4"	"1"	"0"
"-4599589484064723017"	"4"	"1"	"0"
"-4295628044089014927"	"1"	"1"	"0"
"-4295628044089014927"	"4"	"1"	"0"
"-4293623728036865119"	"1"	"1"	"0"
"-4293623728036865119"	"2"	"1"	"0"
"-4293623728036865119"	"4"	"1"	"0"
"-4009532630625948542"	"1"	"1"	"0"
"-4009532630625948542"	"2"	"1"	"0"
"-4009532630625948542"	"4"	"1"	"0"
"-3943388234553717478"	"1"	"1"	"0"
"-3943388234553717478"	"4"	"1"	"0"
"-3743385871424520354"	"1"	"1"	"0"
"-3743385871424520354"	"4"	"1"	"0"
"-3743385871424520354"	"5"	"0"	"1"
"-3552478760684049516"	"1"	"1"	"0"
"-3552478760684049516"	"4"	"1"	"0"
"-3490148671756974084"	"1"	"1"	"0"
"-3490148671756974084"	"2"	"1"	"0"
"-3490148671756974084"	"3"	"1"	"0"
"-3490148671756974084"	"4"	"1"	"0"
"-3270551434283916519"	"1"	"1"	"0"
"-3270551434283916519"	"4"	"1"	"0"
"-3266973851147238744"	"1"	"1"	"0"
"-3266973851147238744"	"2"	"1"	"0"
"-3266973851147238744"	"4"	"1"	"0"
"-3132877503076979067"	"1"	"1"	"0"
"-3132877503076979067"	"2"	"1"	"0"
"-3132877503076979067"	"3"	"1"	"0"
"-3132877503076979067"	"4"	"1"	"0"
"-2903168721855671420"	"1"	"1"	"0"
"-2903168721855671420"	"2"	"1"	"0"
"-2903168721855671420"	"3"	"1"	"0"
"-2903168721855671420"	"4"	"1"	"0"
"-4434680625923587748"	"1"	"1"	"0"
"-4434680625923587748"	"4"	"1"	"0"
"-4433465054853307435"	"1"	"1"	"0"
"-4433465054853307435"	"2"	"1"	"0"
"-4433465054853307435"	"3"	"1"	"0"
"-4433465054853307435"	"4"	"1"	"0"
"-4433132139593355822"	"1"	"1"	"0"
"-4433132139593355822"	"4"	"1"	"0"
"-4816884108157899781"	"1"	"1"	"0"
"-4816884108157899781"	"4"	"1"	"0"
"-4654564482571947570"	"1"	"1"	"0"
"-4654564482571947570"	"4"	"1"	"0"
"-4654564482571947570"	"5"	"0"	"1"
"-4410706459591018312"	"4"	"1"	"0"
"-4314281966878376592"	"1"	"1"	"0"
"-4314281966878376592"	"4"	"1"	"0"
"-4105088854470950195"	"4"	"1"	"0"
"-3787945642380863712"	"1"	"1"	"0"
"-3787945642380863712"	"4"	"1"	"0"
"-3777067750683434795"	"1"	"1"	"0"
"-3777067750683434795"	"2"	"1"	"0"
"-3777067750683434795"	"4"	"1"	"0"
"-3619952163315933680"	"1"	"1"	"0"
"-3619952163315933680"	"4"	"1"	"0"
"-3028987599837414233"	"1"	"1"	"0"
"-3028987599837414233"	"4"	"1"	"0"
"-3002374272333276884"	"1"	"1"	"0"
"-3002374272333276884"	"4"	"1"	"0"
"-2970547860718447311"	"1"	"1"	"0"
"-2970547860718447311"	"4"	"1"	"0"
"-2681217775347369556"	"1"	"1"	"0"
"-2681217775347369556"	"4"	"1"	"0"
"-2681217775347369556"	"5"	"0"	"1"
"-4434538368633562811"	"1"	"1"	"0"
"-4434538368633562811"	"3"	"1"	"0"
"-4434538368633562811"	"4"	"1"	"0"
"-4434538368633562811"	"5"	"0"	"1"
"-4433353261566286354"	"1"	"1"	"0"
"-4960250685349134433"	"1"	"1"	"0"
"-4960250685349134433"	"4"	"1"	"0"
"-4649368969776314776"	"1"	"1"	"0"
"-4649368969776314776"	"4"	"1"	"0"
"-4614387529413923282"	"1"	"1"	"0"
"-4614387529413923282"	"2"	"1"	"0"
"-4614387529413923282"	"4"	"1"	"0"
"-4291750955326937300"	"1"	"1"	"0"
"-4291750955326937300"	"4"	"1"	"0"
"-4122489733265579883"	"1"	"1"	"0"
"-4122489733265579883"	"4"	"1"	"0"
