unique_id	batch_id	submission_year	block_num	block_address_id	point_id	reported_unit_count	year_property_built	occupancy_type_id	bedroom_label_id	bathroom_label_id	sqft_band_id	rent_band_id	occupancy_or_vacancy_date	occupancy_year	date_unknown_text	vacancy_date	past_occupancy	other_utilities_raw	signature_date
"-4703731682178636368"	"1"	"2026"	"3180"	"24"	"46"	"173.0"	"2012"	"1"	"2"	"2"	"9"	"12"	"2024-03-02"	"2024"	\N	\N	"0"	\N	"2026-02-27"
"-4647246791381119432"	"1"	"2022"	"0285"	"29"	"19"	"70.0"	"1911"	"1"	"3"	"2"	"7"	"3"	"2021-06-12"	"2021"	\N	\N	"0"	"heat"	"2022-07-28"
"-4473846697338016110"	"1"	"2026"	"8720"	"28"	"6"	"1.0"	"2012"	"1"	"5"	"6"	"3"	"16"	"2013-08-03"	"2013"	\N	\N	\N	\N	"2025-11-12"
"-4457013355051929431"	"1"	"2024"	"0285"	"29"	"20"	"70.0"	"1911"	"1"	"3"	"2"	"7"	"3"	"2021-04-28"	"2021"	\N	\N	"0"	\N	"2024-01-15"
"-4426971293237302102"	"1"	"2023"	"3180"	"24"	"45"	"173.0"	"2012"	"1"	"2"	"2"	"9"	"10"	"2022-06-23"	"2022"	\N	\N	"1"	\N	"2023-02-28"
"-4419561006219249773"	"1"	"2026"	"1234"	"12"	"40"	"14.0"	"1900"	"1"	"3"	"3"	"7"	"6"	"2026-08-23"	"2026"	\N	\N	\N	\N	"2026-09-22"
"-4340103387299914790"	"1"	"2024"	"1234"	"12"	"34"	"14.0"	"1900"	"1"	"3"	"2"	"7"	"5"	"2022-11-03"	"2022"	\N	\N	"0"	\N	"2024-02-23"
"-4076774950555215180"	"1"	"2024"	"3180"	"24"	"47"	"173.0"	"2012"	"1"	"5"	"6"	"2"	"11"	"2020-08-29"	"2020"	\N	\N	"0"	\N	"2024-03-01"
"-4003422356088595289"	"1"	"2023"	"0196"	\N	"9"	"14.0"	\N	"1"	"2"	"2"	"8"	"10"	"2022-04-15"	"2022"	\N	\N	"0"	\N	"2023-03-29"
"-3909002946913557488"	"1"	"2026"	"1804"	"14"	"54"	"28.0"	"1958"	"1"	"2"	"2"	"8"	"9"	"2022-06-24"	"2022"	\N	\N	\N	\N	"2025-11-26"
"-3860075460131494022"	"1"	"2026"	"0145"	"4"	"11"	"15.0"	"1907"	"1"	"2"	"2"	"8"	"3"	"1995-05-01"	"1995"	\N	\N	"0"	\N	"2026-01-27"
"-3685132144794909753"	"1"	"2023"	"0285"	"29"	"18"	"70.0"	"1911"	"1"	"3"	"2"	"7"	"2"	"2020-09-10"	"2020"	\N	\N	"0"	\N	"2023-02-24"
"-3441925348783985092"	"1"	"2026"	"0285"	"29"	"18"	"72.0"	"1911"	"1"	"3"	"2"	"7"	"22"	"1993-03-12"	"1993"	\N	\N	"0"	\N	"2026-02-10"
"-3379187474541951418"	"1"	"2026"	"3180"	"24"	"47"	"173.0"	"2012"	"1"	"5"	"6"	"2"	"16"	"2020-08-15"	"2020"	\N	\N	"0"	\N	"2026-02-27"
"-3247303540303568389"	"1"	"2023"	"0145"	"4"	"11"	"14.0"	"1907"	"1"	"2"	"2"	"8"	"3"	"1995-05-01"	"1995"	\N	\N	"0"	\N	"2023-02-27"
"-3179052741049058848"	"1"	"2024"	"3180"	"24"	"46"	"173.0"	"2012"	"1"	"5"	"6"	"2"	"13"	"2023-02-14"	"2023"	\N	\N	"0"	\N	"2024-03-01"
"-3070195719737081621"	"1"	"2024"	"2616"	"30"	"36"	"41.0"	"1929"	"2"	"3"	"2"	"8"	\N	\N	\N	\N	\N	"0"	\N	"2023-11-29"
"-2958249400426178286"	"1"	"2024"	"3180"	"24"	"46"	"173.0"	"2012"	"1"	"2"	"2"	"9"	"10"	"2023-01-24"	"2023"	\N	\N	"0"	\N	"2024-03-01"
"-2890230166067446497"	"1"	"2023"	"2616"	"30"	"35"	"41.0"	"1929"	"1"	"2"	"2"	"2"	"12"	"2013-03-01"	"2013"	\N	\N	"0"	\N	"2023-01-13"
"-2876897743416112928"	"1"	"2026"	"3180"	"24"	"47"	"173.0"	"2012"	"1"	"5"	"6"	"2"	"15"	"2020-08-29"	"2020"	\N	\N	"0"	\N	"2026-02-27"
"-2827717655091318289"	"1"	"2025"	"3180"	"24"	"46"	"173.0"	"2012"	"1"	"5"	"6"	"2"	"13"	"2024-03-30"	"2024"	\N	\N	"1"	\N	"2025-02-23"
"-2821369502249672568"	"1"	"2022"	"0581"	"20"	"39"	"24.0"	"1959"	"1"	"2"	"2"	"9"	"7"	"2021-01-15"	"2021"	\N	\N	"0"	\N	"2022-06-28"
"-2797814203585490971"	"1"	"2024"	"2616"	"30"	"35"	"41.0"	"1929"	"1"	"2"	"2"	"8"	"9"	"2022-12-01"	"2022"	\N	\N	"0"	\N	"2023-11-29"
"-2720694661172750450"	"1"	"2026"	"1234"	"12"	"44"	"18.0"	"1906"	"1"	"5"	"2"	"3"	"9"	"2008-07-01"	"2008"	\N	\N	"0"	\N	"2026-02-09"
"-4434681941081554796"	"1"	"2022"	"0145"	"1"	"14"	"19.0"	"1906"	"3"	\N	\N	"10"	\N	\N	\N	\N	\N	\N	\N	"2022-07-01"
"-4434578834705287754"	"1"	"2023"	"0861"	"18"	"33"	"8.0"	"1963"	"1"	"5"	"2"	"8"	"12"	"2021-07-16"	"2021"	\N	\N	"0"	\N	"2023-02-26"
"-4434360001676106499"	"1"	"2024"	"3911"	"2"	"8"	"156.0"	"2017"	"1"	"5"	"6"	"2"	"15"	"2023-08-23"	"2023"	\N	\N	"1"	\N	"2024-02-15"
"-4434157479121202894"	"1"	"2025"	"0524"	"22"	"29"	"12.0"	"1922"	"1"	"2"	"2"	"9"	"8"	"2020-12-01"	"2020"	\N	\N	"0"	"steam heat"	"2025-02-27"
"-4433895829858244292"	"1"	"2023"	"5857"	"21"	"13"	"3.0"	"1923"	"3"	\N	\N	"10"	\N	\N	"2023"	\N	\N	\N	\N	"2022-12-02"
"-4433822344655517742"	"1"	"2022"	"3609"	"36"	"28"	"10.0"	"1925"	"1"	"3"	"2"	"8"	"18"	\N	\N	\N	\N	"0"	\N	"2022-06-28"
"-4433475880938114831"	"1"	"2026"	"3736A"	"32"	"3"	"537.0"	"2019"	"1"	"2"	"2"	"9"	"12"	"2024-10-05"	"2024"	\N	\N	"0"	\N	"2026-03-13"
"-4433237852314137317"	"1"	"2026"	"0281"	"10"	"23"	"30.0"	"1922"	"1"	"3"	"2"	"7"	"4"	"2024-10-07"	"2024"	\N	\N	\N	\N	"2026-01-08"
"-4972690824421903492"	"1"	"2024"	"0285"	"29"	"12"	"70.0"	"1911"	"1"	"3"	"2"	"7"	"4"	"2022-07-29"	"2022"	\N	\N	"1"	\N	"2024-01-15"
"-4937131415738615072"	"1"	"2026"	"0145"	"4"	"10"	"15.0"	"1907"	"1"	"5"	"2"	"8"	"11"	"2024-03-22"	"2024"	\N	\N	"1"	\N	"2026-01-27"
"-4599589484064723017"	"1"	"2023"	"3704"	"3"	"17"	"1.0"	"1926"	"1"	"2"	"2"	"9"	"8"	"2020-10-16"	"2020"	\N	\N	\N	\N	"2023-01-19"
"-4295628044089014927"	"1"	"2024"	"1084"	"5"	"48"	"1.0"	"2018"	"1"	"5"	"6"	"3"	"17"	"2019-11-15"	"2019"	\N	\N	\N	\N	"2024-02-05"
"-4293623728036865119"	"1"	"2025"	"3180"	"24"	"46"	"173.0"	"2012"	"1"	"2"	"2"	"9"	"2"	"2012-08-24"	"2012"	\N	\N	"0"	\N	"2025-02-23"
"-4183289836271234149"	"1"	"2026"	"2616"	"30"	"36"	"41.0"	"1929"	"1"	"2"	"2"	"2"	"10"	"2025-12-01"	"2025"	\N	\N	"1"	\N	"2026-02-23"
"-4164612675670737887"	"1"	"2023"	"2616"	"30"	"35"	"41.0"	"1929"	"1"	"3"	"2"	"8"	"7"	"2010-06-01"	"2010"	\N	\N	"0"	\N	"2023-01-13"
"-4009532630625948542"	"1"	"2024"	"3180"	"24"	"47"	"173.0"	"2012"	"1"	"5"	"6"	"2"	"2"	"2012-07-27"	"2012"	\N	\N	"0"	\N	"2024-03-01"
"-3943388234553717478"	"1"	"2023"	"0285"	"29"	"19"	"70.0"	"1911"	"1"	"5"	"2"	"8"	"2"	"1993-05-01"	"1993"	\N	\N	"0"	\N	"2023-02-24"
"-3767508497373102229"	"1"	"2025"	"3180"	"24"	"47"	"173.0"	"2012"	"1"	"5"	"6"	"2"	"14"	"2023-12-01"	"2023"	\N	\N	"1"	\N	"2025-02-23"
"-3743385871424520354"	"1"	"2022"	"0285"	"29"	"15"	"70.0"	"1911"	"1"	"3"	"2"	"7"	"4"	"2020-08-16"	"2020"	\N	\N	"0"	"heat"	"2022-07-28"
"-3685783585600334606"	"1"	"2024"	"7331"	"19"	"51"	"1.0"	"2016"	"3"	\N	\N	"10"	\N	\N	\N	\N	\N	\N	\N	"2023-11-06"
"-3647845286972851568"	"1"	"2024"	"3180"	"24"	"47"	"173.0"	"2012"	"1"	"5"	"6"	"2"	"12"	"2022-11-04"	"2022"	\N	\N	"0"	\N	"2024-03-01"
"-3552478760684049516"	"1"	"2023"	"0285"	"29"	"19"	"70.0"	"1911"	"1"	"5"	"2"	"8"	"7"	"2021-04-01"	"2021"	\N	\N	"0"	\N	"2023-02-24"
"-3490148671756974084"	"1"	"2023"	"1234"	"12"	"32"	"14.0"	"1900"	"1"	"3"	"2"	"1"	"4"	"2020-12-01"	"2020"	\N	\N	"0"	\N	"2023-03-06"
"-3270551434283916519"	"1"	"2026"	"0145"	"4"	"11"	"15.0"	"1907"	"1"	"5"	"2"	"9"	"7"	"2002-09-07"	"2002"	\N	\N	"0"	\N	"2026-01-27"
"-3266973851147238744"	"1"	"2023"	"3180"	"24"	"47"	"173.0"	"2012"	"1"	"5"	"6"	"2"	"2"	"2012-07-21"	"2012"	\N	\N	"0"	\N	"2023-02-28"
"-3132877503076979067"	"1"	"2024"	"1234"	"12"	"38"	"14.0"	"1900"	"1"	"3"	"3"	"1"	"3"	"2021-01-15"	"2021"	\N	\N	"0"	\N	"2024-02-23"
"-3056810986919801500"	"1"	"2024"	"2616"	"30"	"35"	"41.0"	"1929"	"1"	"2"	"2"	"8"	"12"	"2021-11-09"	"2021"	\N	\N	"0"	\N	"2023-11-29"
"-2905488872379675832"	"1"	"2023"	"2616"	"30"	"36"	"41.0"	"1929"	"1"	"3"	"2"	"8"	"18"	"1986-12-01"	"1986"	\N	\N	"0"	\N	"2023-01-13"
"-2903168721855671420"	"1"	"2022"	"1234"	"12"	"41"	"14.0"	"1900"	"1"	"3"	"2"	"7"	"4"	"2022-06-22"	"2022"	\N	\N	"1"	\N	"2022-06-24"
"-2809880686144326034"	"1"	"2025"	"3180"	"24"	"47"	"173.0"	"2012"	"1"	"5"	"6"	"2"	"11"	"2021-10-15"	"2021"	\N	\N	"0"	\N	"2025-02-23"
"-2726516931756780476"	"1"	"2024"	"7381"	"17"	"53"	"1.0"	"1975"	"1"	"4"	"5"	"5"	"19"	"2022-07-08"	"2022"	\N	\N	"0"	\N	"2024-01-22"
"-2686673666588913016"	"1"	"2023"	"2616"	"30"	"35"	"41.0"	"1929"	"1"	"4"	"6"	"2"	"16"	"2021-11-13"	"2021"	\N	\N	"0"	\N	"2023-01-13"
"-4434680625923587748"	"1"	"2023"	"3557"	"7"	"31"	"6.0"	"1965"	"1"	"5"	"2"	"8"	"4"	\N	"2023"	\N	\N	"0"	\N	"2023-02-11"
"-4434587645554777327"	"1"	"2024"	"0321"	"34"	"26"	"33.0"	"1922"	"1"	"3"	"2"	"7"	"2"	"2002-11-01"	"2002"	\N	\N	"0"	\N	"2024-02-23"
"-4434249522957904052"	"1"	"2025"	"4153"	"11"	"16"	"4.0"	"1937"	"1"	"2"	"2"	"8"	"7"	"2021-09-09"	"2021"	\N	\N	"0"	\N	"2025-04-17"
"-4433942842452141587"	"1"	"2025"	"3736A"	"32"	"3"	"537.0"	"2019"	"1"	"3"	"2"	"7"	"8"	"2024-04-13"	"2024"	\N	\N	"0"	\N	"2025-02-28"
"-4433652113960048275"	"1"	"2026"	"0251"	"13"	"25"	"25.0"	"1927"	"2"	"3"	"2"	"1"	"1"	\N	\N	\N	"2025-04-12"	"0"	\N	"2026-02-25"
"-4433465054853307435"	"1"	"2025"	"1143"	"23"	"49"	"4.0"	"1900"	"1"	"2"	"2"	"8"	"4"	"2010-02-01"	"2010"	\N	\N	\N	\N	"2025-01-23"
"-4433335170923105958"	"1"	"2025"	"1226"	"16"	"42"	"4.0"	"1908"	"1"	"2"	"2"	"8"	"10"	"2016-08-01"	"2016"	\N	\N	\N	\N	"2025-03-04"
"-4433132139593355822"	"1"	"2022"	"3608"	"35"	"30"	"14.0"	"1925"	"1"	"5"	"2"	"2"	"7"	"2005-10-31"	"2005"	\N	\N	"0"	\N	"2022-06-28"
"-4816884108157899781"	"1"	"2023"	"0145"	"4"	"10"	"14.0"	"1907"	"1"	"4"	"6"	"2"	"4"	"1979-06-01"	"1979"	\N	\N	"0"	\N	"2023-02-27"
"-4654564482571947570"	"1"	"2022"	"0285"	"29"	"21"	"70.0"	"1911"	"1"	"3"	"2"	"8"	"2"	"2020-11-03"	"2020"	\N	\N	"0"	"heat"	"2022-07-28"
"-4603512479828523145"	"1"	"2024"	"7331"	"8"	"51"	"1.0"	"2015"	"1"	"4"	"5"	"4"	"13"	"2019-03-27"	"2019"	\N	\N	\N	\N	"2024-04-27"
"-4568518449398698182"	"1"	"2023"	"1804"	"14"	"55"	"28.0"	"1958"	"1"	"2"	"2"	"8"	"9"	"2022-01-06"	"2022"	\N	\N	\N	\N	"2023-10-13"
"-4497852622283079627"	"1"	"2024"	"3180"	"24"	"46"	"173.0"	"2012"	"1"	"5"	"6"	"2"	"12"	"2020-08-15"	"2020"	\N	\N	"0"	\N	"2024-03-01"
"-4410706459591018312"	"1"	"2024"	"0196"	\N	"5"	"14.0"	\N	"1"	"5"	"6"	"2"	"13"	"2021-05-28"	"2021"	\N	\N	"0"	\N	"2024-05-23"
"-4314281966878376592"	"1"	"2023"	"8720"	"28"	"6"	"1.0"	"2012"	"1"	"2"	"2"	"9"	"14"	"2022-07-08"	"2022"	\N	\N	"1"	\N	"2023-02-27"
"-4105088854470950195"	"1"	"2024"	"0196"	\N	"22"	"14.0"	\N	"1"	"3"	"2"	"7"	"8"	"2021-09-17"	"2021"	\N	\N	"0"	\N	"2024-05-23"
"-4032706150502801283"	"1"	"2023"	"7381"	"17"	"52"	"0.0"	"1975"	"1"	"1"	"4"	"6"	"21"	"2021-12-19"	"2021"	\N	\N	"0"	\N	"2023-02-17"
"-3787945642380863712"	"1"	"2025"	"1234"	"12"	"43"	"18.0"	"1906"	"1"	"5"	"2"	"3"	"9"	"2014-08-01"	"2014"	\N	\N	"0"	\N	"2025-02-19"
"-3777067750683434795"	"1"	"2024"	"4591C"	"27"	"1"	"1.0"	"2016"	"1"	"2"	"2"	"8"	"9"	"2024-02-07"	"2024"	\N	\N	\N	\N	"2024-09-24"
"-3732626779268447587"	"1"	"2024"	"0145"	"4"	"11"	"14.0"	"1907"	"1"	"5"	"2"	"8"	"11"	"2023-10-08"	"2023"	\N	\N	"1"	\N	"2024-02-18"
"-3694689223250387939"	"1"	"2025"	"2616"	"30"	"35"	"41.0"	"1929"	"1"	"2"	"2"	"2"	"9"	"2002-08-01"	"2002"	\N	\N	"0"	\N	"2025-02-27"
"-3670869415681847738"	"1"	"2024"	"7331"	"6"	"51"	"1.0"	"2015"	"3"	\N	\N	"10"	\N	\N	\N	\N	\N	\N	\N	"2023-12-27"
"-3619952163315933680"	"1"	"2025"	"8720"	"28"	"6"	"1.0"	"2012"	"1"	"5"	"6"	"3"	"20"	"2025-04-01"	"2025"	\N	\N	"0"	\N	"2025-04-30"
"-3427885846288190227"	"1"	"2026"	"4591C"	"31"	"1"	"1.0"	"2016"	"3"	\N	\N	"10"	\N	\N	\N	\N	\N	\N	\N	"2026-04-21"
"-3270336762932843135"	"1"	"2026"	"3180"	"24"	"46"	"173.0"	"2012"	"1"	"5"	"6"	"2"	"15"	"2022-12-23"	"2022"	\N	\N	"0"	\N	"2026-02-27"
"-3028987599837414233"	"1"	"2025"	"0285"	"29"	"21"	"70.0"	"1911"	"1"	"3"	"2"	"7"	"2"	"2007-04-01"	"2007"	\N	\N	"0"	\N	"2025-02-21"
"-3002374272333276884"	"1"	"2024"	"5476"	"15"	"7"	"4.0"	"1964"	"1"	"5"	"2"	"9"	"8"	"2019-03-31"	"2019"	\N	\N	\N	\N	"2024-02-09"
"-2970547860718447311"	"1"	"2024"	"0145"	"4"	"11"	"14.0"	"1907"	"1"	"2"	"2"	"8"	"3"	"2003-02-15"	"2003"	\N	\N	"0"	\N	"2024-02-18"
"-2945618696558686229"	"1"	"2024"	"7331"	"8"	"51"	"1.0"	"2015"	"3"	\N	\N	"10"	\N	\N	\N	\N	\N	\N	\N	"2024-04-27"
"-2833308094550097669"	"1"	"2024"	"3180"	"24"	"46"	"173.0"	"2012"	"1"	"5"	"6"	"2"	"12"	"2023-01-13"	"2023"	\N	\N	"0"	\N	"2024-03-01"
"-2681217775347369556"	"1"	"2022"	"0285"	"29"	"19"	"70.0"	"1911"	"1"	"5"	"2"	"8"	"5"	"2008-02-01"	"2008"	\N	\N	"0"	"heat"	"2022-07-28"
"-4434538368633562811"	"1"	"2024"	"0345"	"25"	"24"	"232.0"	"1928"	"1"	"3"	"2"	"1"	"3"	\N	\N	\N	\N	"0"	"heat"	"2024-03-01"
"-4434064070611932865"	"1"	"2024"	"3911"	"2"	"8"	"156.0"	"2017"	"1"	"2"	"2"	"8"	"9"	"2023-12-30"	"2023"	\N	\N	"1"	\N	"2024-02-15"
"-4433992427041151487"	"1"	"2022"	"0814"	"9"	"27"	"418.0"	"2015"	"1"	"5"	"6"	"9"	"13"	"2021-01-10"	"2021"	\N	\N	"1"	\N	"2022-07-01"
"-4433353261566286354"	"1"	"2026"	"0912"	"26"	"37"	"1.0"	"1928"	"1"	"2"	"2"	"8"	"12"	"2021-05-20"	"2021"	\N	\N	"0"	\N	"2026-03-02"
"-4960250685349134433"	"1"	"2024"	"4644"	"33"	"2"	"4.0"	"1947"	"1"	"5"	"6"	"9"	"11"	"2018-10-18"	"2018"	\N	\N	\N	\N	"2024-03-29"
"-4649368969776314776"	"1"	"2023"	"0285"	"29"	"21"	"70.0"	"1911"	"1"	"3"	"2"	"7"	"3"	"2021-11-01"	"2021"	\N	\N	"0"	\N	"2023-02-24"
"-4614387529413923282"	"1"	"2024"	"3180"	"24"	"46"	"173.0"	"2012"	"1"	"2"	"2"	"9"	"3"	"2014-09-27"	"2014"	\N	\N	"0"	\N	"2024-03-01"
"-4566659994532719156"	"1"	"2023"	"3180"	"24"	"46"	"173.0"	"2012"	"1"	"5"	"6"	"2"	"12"	"2022-10-15"	"2022"	\N	\N	"1"	\N	"2023-02-28"
"-4291750955326937300"	"1"	"2025"	"8720"	"28"	"4"	"1.0"	"2012"	"1"	"2"	"1"	"2"	"15"	"2023-03-17"	"2023"	\N	\N	"0"	\N	"2025-03-12"
"-4248970404573904686"	"1"	"2022"	"3180"	"24"	"46"	"173.0"	"2012"	"1"	"5"	"6"	"2"	"11"	"2021-04-29"	"2021"	\N	\N	"0"	\N	"2022-06-30"
"-4122489733265579883"	"1"	"2026"	"0285"	"29"	"20"	"72.0"	"1911"	"1"	"5"	"2"	"8"	"7"	"2022-12-01"	"2022"	\N	\N	"1"	\N	"2026-02-10"
"-4113802835905655447"	"1"	"2024"	"1639"	\N	"50"	"0.0"	\N	"3"	\N	\N	"10"	\N	\N	\N	\N	\N	\N	\N	"2024-02-28"
"-4089526336496844329"	"1"	"2025"	"3180"	"24"	"46"	"173.0"	"2012"	"1"	"5"	"6"	"2"	"12"	"2021-10-16"	"2021"	\N	\N	"0"	\N	"2025-02-23"
