unique_id,seq_no,range_type,start_date,end_date,is_reversed
-4426971293237302102,1,Occupied,2022-04-01,,False
-2827717655091318289,1,Occupied,2021-10-24,2024-02-23,False
-4434360001676106499,1,Vacant,2023-08-16,,False
-4972690824421903492,1,Occupied,2021-06-01,2022-06-30,False
-4937131415738615072,1,Vacant,2023-09-01,2024-03-21,False
-4183289836271234149,1,Vacant,2025-01-01,2025-11-30,False
-3767508497373102229,1,Occupied,2020-09-05,2023-11-10,False
-2903168721855671420,1,Vacant,2022-05-10,2022-06-21,False
-4314281966878376592,1,Occupied,2020-02-01,2022-04-01,False
-3732626779268447587,1,Vacant,2021-11-03,2023-10-07,False
-4434064070611932865,1,Vacant,2023-12-12,,False
-4566659994532719156,1,Occupied,2020-09-05,2022-10-06,False
-4122489733265579883,1,Occupied,2021-09-03,2022-09-06,False
