unique_id,utility_name,source_checkbox,source_text
-4647246791381119432,water_sewer,True,False
-4647246791381119432,refuse_recycling,True,False
-4647246791381119432,heat,False,True
-4473846697338016110,water_sewer,True,False
-4457013355051929431,water_sewer,True,False
-4457013355051929431,refuse_recycling,True,False
-4419561006219249773,water_sewer,True,False
-4419561006219249773,natural_gas,True,False
-4419561006219249773,electricity,True,False
-4419561006219249773,refuse_recycling,True,False
-4340103387299914790,water_sewer,True,False
-4340103387299914790,natural_gas,True,False
-4340103387299914790,electricity,True,False
-4340103387299914790,refuse_recycling,True,False
-4003422356088595289,refuse_recycling,True,False
-3860075460131494022,water_sewer,True,False
-3860075460131494022,refuse_recycling,True,False
-3685132144794909753,water_sewer,True,False
-3685132144794909753,refuse_recycling,True,False
-3441925348783985092,water_sewer,True,False
-3441925348783985092,refuse_recycling,True,False
-3247303540303568389,water_sewer,True,False
-3247303540303568389,refuse_recycling,True,False
-2821369502249672568,water_sewer,True,False
-2821369502249672568,refuse_recycling,True,False
-2720694661172750450,water_sewer,True,False
-2720694661172750450,refuse_recycling,True,False
-4434578834705287754,water_sewer,True,False
-4434578834705287754,refuse_recycling,True,False
-4434157479121202894,water_sewer,True,False
-4434157479121202894,refuse_recycling,True,False
-4434157479121202894,heat,False,True
-4433822344655517742,water_sewer,True,False
-4433822344655517742,refuse_recycling,True,False
-4972690824421903492,water_sewer,True,False
-4972690824421903492,refuse_recycling,True,False
-4599589484064723017,refuse_recycling,True,False
-4295628044089014927,water_sewer,True,False
-4295628044089014927,refuse_recycling,True,False
-4293623728036865119,water_sewer,True,False
-4293623728036865119,natural_gas,True,False
-4293623728036865119,refuse_recycling,True,False
-4009532630625948542,water_sewer,True,False
-4009532630625948542,natural_gas,True,False
-4009532630625948542,refuse_recycling,True,False
-3943388234553717478,water_sewer,True,False
-3943388234553717478,refuse_recycling,True,False
-3743385871424520354,water_sewer,True,False
-3743385871424520354,refuse_recycling,True,False
-3743385871424520354,heat,False,True
-3552478760684049516,water_sewer,True,False
-3552478760684049516,refuse_recycling,True,False
-3490148671756974084,water_sewer,True,False
-3490148671756974084,natural_gas,True,False
-3490148671756974084,electricity,True,False
-3490148671756974084,refuse_recycling,True,False
-3270551434283916519,water_sewer,True,False
-3270551434283916519,refuse_recycling,True,False
-3266973851147238744,water_sewer,True,False
-3266973851147238744,natural_gas,True,False
-3266973851147238744,refuse_recycling,True,False
-3132877503076979067,water_sewer,True,False
-3132877503076979067,natural_gas,True,False
-3132877503076979067,electricity,True,False
-3132877503076979067,refuse_recycling,True,False
-2903168721855671420,water_sewer,True,False
-2903168721855671420,natural_gas,True,False
-2903168721855671420,electricity,True,False
-2903168721855671420,refuse_recycling,True,False
-4434680625923587748,water_sewer,True,False
-4434680625923587748,refuse_recycling,True,False
-4433465054853307435,water_sewer,True,False
-4433465054853307435,natural_gas,True,False
-4433465054853307435,electricity,True,False
-4433465054853307435,refuse_recycling,True,False
-4433132139593355822,water_sewer,True,False
-4433132139593355822,refuse_recycling,True,False
-4816884108157899781,water_sewer,True,False
-4816884108157899781,refuse_recycling,True,False
-4654564482571947570,water_sewer,True,False
-4654564482571947570,refuse_recycling,True,False
-4654564482571947570,heat,False,True
-4410706459591018312,refuse_recycling,True,False
-4314281966878376592,water_sewer,True,False
-4314281966878376592,refuse_recycling,True,False
-4105088854470950195,refuse_recycling,True,False
-3787945642380863712,water_sewer,True,False
-3787945642380863712,refuse_recycling,True,False
-3777067750683434795,water_sewer,True,False
-3777067750683434795,natural_gas,True,False
-3777067750683434795,refuse_recycling,True,False
-3619952163315933680,water_sewer,True,False
-3619952163315933680,refuse_recycling,True,False
-3028987599837414233,water_sewer,True,False
-3028987599837414233,refuse_recycling,True,False
-3002374272333276884,water_sewer,True,False
-3002374272333276884,refuse_recycling,True,False
-2970547860718447311,water_sewer,True,False
-2970547860718447311,refuse_recycling,True,False
-2681217775347369556,water_sewer,True,False
-2681217775347369556,refuse_recycling,True,False
-2681217775347369556,heat,False,True
-4434538368633562811,water_sewer,True,False
-4434538368633562811,electricity,True,False
-4434538368633562811,refuse_recycling,True,False
-4434538368633562811,heat,False,True
-4433353261566286354,water_sewer,True,False
-4960250685349134433,water_sewer,True,False
-4960250685349134433,refuse_recycling,True,False
-4649368969776314776,water_sewer,True,False
-4649368969776314776,refuse_recycling,True,False
-4614387529413923282,water_sewer,True,False
-4614387529413923282,natural_gas,True,False
-4614387529413923282,refuse_recycling,True,False
-4291750955326937300,water_sewer,True,False
-4291750955326937300,refuse_recycling,True,False
-4122489733265579883,water_sewer,True,False
-4122489733265579883,refuse_recycling,True,False
