unique_id,submission_year,block_num,block_address,analysis_neighborhood,supervisor_district,point_longitude,point_latitude,unit_count,year_property_built,occupancy_type,bedroom_raw,bathroom_raw,square_footage_raw,monthly_rent_raw,occupancy_or_vacancy_date,occupancy_year,date_unknown_text,vacancy_date,signature_date,past_occupancy,other_utilities_raw
-4703731682178636368,2026,3180,300 Block of BRIGHTON AVE,Oceanview/Merced/Ingleside,11,-122.455184003,37.719136184,173,2012,Occupied by non-owner,One-Bedroom,One bathroom,751-1000 Sq.Ft,$3501-$3750,2024-03-02,2024,,,2026-02-27,0,
-4647246791381119432,2022,0285,400 Block of STOCKTON ST,Chinatown,3,-122.408410392,37.796255117,70,1911,Occupied by non-owner,Studio,One bathroom,251-500 Sq.Ft,$1251-$1500,2021-06-12,2021,,,2022-07-28,0,heat
-4473846697338016110,2026,8720,400 Block of MISSION BAY BLVD,Mission Bay,6,-122.398554627,37.769625656,1,2012,Occupied by non-owner,Two-Bedroom,Two bathrooms,1251-1500 Sq.Ft,$4751-$5000,2013-08-03,2013,,,2025-11-12,,
-4457013355051929431,2024,0285,400 Block of STOCKTON ST,Chinatown,3,-122.408562639,37.797006795,70,1911,Occupied by non-owner,Studio,One bathroom,251-500 Sq.Ft,$1251-$1500,2021-04-28,2021,,,2024-01-15,0,
-4426971293237302102,2023,3180,300 Block of BRIGHTON AVE,Oceanview/Merced/Ingleside,11,-122.455062194,37.722760694,173,2012,Occupied by non-owner,One-Bedroom,One bathroom,751-1000 Sq.Ft,$3001-$3250,2022-06-23,2022,,,2023-02-28,1,
-4419561006219249773,2026,1234,1200 Block of HAIGHT ST,Haight Ashbury,5,-122.449942042,37.769679639,14,1900,Occupied by non-owner,Studio,Shared bathroom facilities with other units,251-500 Sq.Ft,$2001-$2250,2026-08-23,2026,,,2026-09-22,,
-4340103387299914790,2024,1234,1200 Block of HAIGHT ST,Haight Ashbury,5,-122.434564848,37.771638115,14,1900,Occupied by non-owner,Studio,One bathroom,251-500 Sq.Ft,$1751-$2000,2022-11-03,2022,,,2024-02-23,0,
-4076774950555215180,2024,3180,300 Block of BRIGHTON AVE,Oceanview/Merced/Ingleside,11,-122.455200494,37.722760282,173,2012,Occupied by non-owner,Two-Bedroom,Two bathrooms,1001-1250 Sq.Ft,$3251-$3500,2020-08-29,2020,,,2024-03-01,0,
-4003422356088595289,2023,0196,,Financial District/South Beach,3,-122.403991276,37.788796326,14.0,,Occupied by non-owner,One-Bedroom,One bathroom,501-750 Sq.Ft,$3001-$3250,2022-04-15,2022,,,2023-03-29,0,
-3909002946913557488,2026,1804,1300 Block of LA PLAYA ST,Sunset/Parkside,4,-122.50914512,37.75935381,28,1958,Occupied by non-owner,One-Bedroom,One bathroom,501-750 Sq.Ft,$2751-$3000,2022-06-24,2022,,,2025-11-26,,
-3860075460131494022,2026,0145,0 Block of ROMOLO ST,North Beach,3,-122.406332771,37.798739186,15.0,1907,Occupied by non-owner,One-Bedroom,One bathroom,501-750 Sq.Ft,$1251-$1500,1995-05-01,1995,,,2026-01-27,0,
-3685132144794909753,2023,0285,400 Block of STOCKTON ST,Chinatown,3,-122.408234537,37.795373706,70,1911,Occupied by non-owner,Studio,One bathroom,251-500 Sq.Ft,$1001-$1250,2020-09-10,2020,,,2023-02-24,0,
-3441925348783985092,2026,0285,400 Block of STOCKTON ST,Chinatown,3,-122.408234537,37.795373706,72.0,1911,Occupied by non-owner,Studio,One bathroom,251-500 Sq.Ft,$751-$1000,1993-03-12,1993,,,2026-02-10,0,
-3379187474541951418,2026,3180,300 Block of BRIGHTON AVE,Oceanview/Merced/Ingleside,11,-122.455200494,37.722760282,173,2012,Occupied by non-owner,Two-Bedroom,Two bathrooms,1001-1250 Sq.Ft,$4751-$5000,2020-08-15,2020,,,2026-02-27,0,
-3247303540303568389,2023,0145,0 Block of ROMOLO ST,North Beach,3,-122.406332771,37.798739186,14,1907,Occupied by non-owner,One-Bedroom,One bathroom,501-750 Sq.Ft,$1251-$1500,1995-05-01,1995,,,2023-02-27,0,
-3179052741049058848,2024,3180,300 Block of BRIGHTON AVE,Oceanview/Merced/Ingleside,11,-122.455184003,37.719136184,173,2012,Occupied by non-owner,Two-Bedroom,Two bathrooms,1001-1250 Sq.Ft,$3751-$4000,2023-02-14,2023,,,2024-03-01,0,
-3070195719737081621,2024,2616,500 Block of BUENA VISTA AVE,Castro/Upper Market,8,-122.438391369,37.766493452,41,1929,Vacant,Studio,One bathroom,501-750 Sq.Ft,,,,,,2023-11-29,0,
-2958249400426178286,2024,3180,300 Block of BRIGHTON AVE,Oceanview/Merced/Ingleside,11,-122.455184003,37.719136184,173,2012,Occupied by non-owner,One-Bedroom,One bathroom,751-1000 Sq.Ft,$3001-$3250,2023-01-24,2023,,,2024-03-01,0,
-2890230166067446497,2023,2616,500 Block of BUENA VISTA AVE,Castro/Upper Market,8,-122.438217184,37.768080117,41,1929,Occupied by non-owner,One-Bedroom,One bathroom,1001-1250 Sq.Ft,$3501-$3750,2013-03-01,2013,,,2023-01-13,0,
-2876897743416112928,2026,3180,300 Block of BRIGHTON AVE,Oceanview/Merced/Ingleside,11,-122.455200494,37.722760282,173,2012,Occupied by non-owner,Two-Bedroom,Two bathrooms,1001-1250 Sq.Ft,$4501-$4750,2020-08-29,2020,,,2026-02-27,0,
-2827717655091318289,2025,3180,300 Block of BRIGHTON AVE,Oceanview/Merced/Ingleside,11,-122.455184003,37.719136184,173,2012,Occupied by non-owner,Two-Bedroom,Two bathrooms,1001-1250 Sq.Ft,$3751-$4000,2024-03-30,2024,,,2025-02-23,1,
-2821369502249672568,2022,0581,2200 Block of BROADWAY ST,Pacific Heights,2,-122.444006751,37.793065145,24,1959,Occupied by non-owner,One-Bedroom,One bathroom,751-1000 Sq.Ft,$2251-$2500,2021-01-15,2021,,,2022-06-28,0,
-2797814203585490971,2024,2616,500 Block of BUENA VISTA AVE,Castro/Upper Market,8,-122.438217184,37.768080117,41,1929,Occupied by non-owner,One-Bedroom,One bathroom,501-750 Sq.Ft,$2751-$3000,2022-12-01,2022,,,2023-11-29,0,
-2720694661172750450,2026,1234,1200 Block of HAIGHT ST,Haight Ashbury,5,-122.452712294,37.769326177,18,1906,Occupied by non-owner,Two-Bedroom,One bathroom,1251-1500 Sq.Ft,$2751-$3000,2008-07-01,2008,,,2026-02-09,0,
-4434681941081554796,2022,0145,0 Block of FRESNO ST,North Beach,3,-122.406749744,37.79848503,19,1906,Occupied by owner,,,Unknown,,,,,,2022-07-01,,
-4434578834705287754,2023,0861,200 Block of STEINER ST,Haight Ashbury,5,-122.432113602,37.771655222,8,1963,Occupied by non-owner,Two-Bedroom,One bathroom,501-750 Sq.Ft,$3501-$3750,2021-07-16,2021,,,2023-02-26,0,
-4434360001676106499,2024,3911,0 Block of HENRY ADAMS ST,Mission Bay,6,-122.403888909,37.769190148,156,2017,Occupied by non-owner,Two-Bedroom,Two bathrooms,1001-1250 Sq.Ft,$4501-$4750,2023-08-23,2023,,,2024-02-15,1,
-4434157479121202894,2025,0524,2500 Block of POLK ST,Russian Hill,3,-122.422550837,37.800167606,12,1922,Occupied by non-owner,One-Bedroom,One bathroom,751-1000 Sq.Ft,$2501-$2750,2020-12-01,2020,,,2025-02-27,0,steam heat
-4433895829858244292,2023,5857,2300 Block of SAN BRUNO AVE,Portola,9,-122.406425846,37.733729644,3.0,1923,Occupied by owner,,,Unknown,,,2023,,,2022-12-02,,
-4433822344655517742,2022,3609,900 Block of VALENCIA ST,Mission,9,-122.421086718,37.757305864,10,1925,Occupied by non-owner,Studio,One bathroom,501-750 Sq.Ft,$501-$750,,,,,2022-06-28,0,
-4433475880938114831,2026,3736A,500 Block of FOLSOM ST,Financial District/South Beach,6,-122.394922601,37.787027218,537.0,2019,Occupied by non-owner,One-Bedroom,One bathroom,751-1000 Sq.Ft,$3501-$3750,2024-10-05,2024,,,2026-03-13,0,
-4433237852314137317,2026,0281,1000 Block of BUSH ST,Nob Hill,3,-122.414539182,37.789370354,30,1922,Occupied by non-owner,Studio,One bathroom,251-500 Sq.Ft,$1501-$1750,2024-10-07,2024,,,2026-01-08,,
-4972690824421903492,2024,0285,400 Block of STOCKTON ST,Financial District/South Beach,3,-122.406342054,37.785982379,70,1911,Occupied by non-owner,Studio,One bathroom,251-500 Sq.Ft,$1501-$1750,2022-07-29,2022,,,2024-01-15,1,
-4937131415738615072,2026,0145,0 Block of ROMOLO ST,North Beach,3,-122.406233728,37.798263576,15.0,1907,Occupied by non-owner,Two-Bedroom,One bathroom,501-750 Sq.Ft,$3251-$3500,2024-03-22,2024,,,2026-01-27,1,
-4599589484064723017,2023,3704,0 Block of MINT PLZ,South of Market,6,-122.407576708,37.783060288,1,1926,Occupied by non-owner,One-Bedroom,One bathroom,751-1000 Sq.Ft,$2501-$2750,2020-10-16,2020,,,2023-01-19,,
-4295628044089014927,2024,1084,0 Block of STANYAN ST,Lone Mountain/USF,1,-122.4552523,37.777308306,1.0,2018,Occupied by non-owner,Two-Bedroom,Two bathrooms,1251-1500 Sq.Ft,$5001-$5250,2019-11-15,2019,,,2024-02-05,,
-4293623728036865119,2025,3180,300 Block of BRIGHTON AVE,Oceanview/Merced/Ingleside,11,-122.455184003,37.719136184,173,2012,Occupied by non-owner,One-Bedroom,One bathroom,751-1000 Sq.Ft,$1001-$1250,2012-08-24,2012,,,2025-02-23,0,
-4183289836271234149,2026,2616,500 Block of BUENA VISTA AVE,Castro/Upper Market,8,-122.438391369,37.766493452,41,1929,Occupied by non-owner,One-Bedroom,One bathroom,1001-1250 Sq.Ft,$3001-$3250,2025-12-01,2025,,,2026-02-23,1,
-4164612675670737887,2023,2616,500 Block of BUENA VISTA AVE,Castro/Upper Market,8,-122.438217184,37.768080117,41,1929,Occupied by non-owner,Studio,One bathroom,501-750 Sq.Ft,$2251-$2500,2010-06-01,2010,,,2023-01-13,0,
-4009532630625948542,2024,3180,300 Block of BRIGHTON AVE,Oceanview/Merced/Ingleside,11,-122.455200494,37.722760282,173,2012,Occupied by non-owner,Two-Bedroom,Two bathrooms,1001-1250 Sq.Ft,$1001-$1250,2012-07-27,2012,,,2024-03-01,0,
-3943388234553717478,2023,0285,400 Block of STOCKTON ST,Chinatown,3,-122.408410392,37.796255117,70,1911,Occupied by non-owner,Two-Bedroom,One bathroom,501-750 Sq.Ft,$1001-$1250,1993-05-01,1993,,,2023-02-24,0,
-3767508497373102229,2025,3180,300 Block of BRIGHTON AVE,Oceanview/Merced/Ingleside,11,-122.455200494,37.722760282,173,2012,Occupied by non-owner,Two-Bedroom,Two bathrooms,1001-1250 Sq.Ft,$4001-$4250,2023-12-01,2023,,,2025-02-23,1,
-3743385871424520354,2022,0285,400 Block of STOCKTON ST,Nob Hill,3,-122.407329104,37.790987195,70,1911,Occupied by non-owner,Studio,One bathroom,251-500 Sq.Ft,$1501-$1750,2020-08-16,2020,,,2022-07-28,0,heat
-3685783585600334606,2024,7331,200 Block of SUMMIT WAY,Lakeshore,7,-122.476338616,37.714950117,1,2016,Occupied by owner,,,Unknown,,,,,,2023-11-06,,
-3647845286972851568,2024,3180,300 Block of BRIGHTON AVE,Oceanview/Merced/Ingleside,11,-122.455200494,37.722760282,173,2012,Occupied by non-owner,Two-Bedroom,Two bathrooms,1001-1250 Sq.Ft,$3501-$3750,2022-11-04,2022,,,2024-03-01,0,
-3552478760684049516,2023,0285,400 Block of STOCKTON ST,Chinatown,3,-122.408410392,37.796255117,70,1911,Occupied by non-owner,Two-Bedroom,One bathroom,501-750 Sq.Ft,$2251-$2500,2021-04-01,2021,,,2023-02-24,0,
-3490148671756974084,2023,1234,1200 Block of HAIGHT ST,Hayes Valley,5,-122.431274062,37.772057,14,1900,Occupied by non-owner,Studio,One bathroom,0-250 Sq.Ft,$1501-$1750,2020-12-01,2020,,,2023-03-06,0,
-3270551434283916519,2026,0145,0 Block of ROMOLO ST,North Beach,3,-122.406332771,37.798739186,15.0,1907,Occupied by non-owner,Two-Bedroom,One bathroom,751-1000 Sq.Ft,$2251-$2500,2002-09-07,2002,,,2026-01-27,0,
-3266973851147238744,2023,3180,300 Block of BRIGHTON AVE,Oceanview/Merced/Ingleside,11,-122.455200494,37.722760282,173,2012,Occupied by non-owner,Two-Bedroom,Two bathrooms,1001-1250 Sq.Ft,$1001-$1250,2012-07-21,2012,,,2023-02-28,0,
-3132877503076979067,2024,1234,1200 Block of HAIGHT ST,Haight Ashbury,5,-122.442665736,37.770607816,14,1900,Occupied by non-owner,Studio,Shared bathroom facilities with other units,0-250 Sq.Ft,$1251-$1500,2021-01-15,2021,,,2024-02-23,0,
-3056810986919801500,2024,2616,500 Block of BUENA VISTA AVE,Castro/Upper Market,8,-122.438217184,37.768080117,41,1929,Occupied by non-owner,One-Bedroom,One bathroom,501-750 Sq.Ft,$3501-$3750,2021-11-09,2021,,,2023-11-29,0,
-2905488872379675832,2023,2616,500 Block of BUENA VISTA AVE,Castro/Upper Market,8,-122.438391369,37.766493452,41,1929,Occupied by non-owner,Studio,One bathroom,501-750 Sq.Ft,$501-$750,1986-12-01,1986,,,2023-01-13,0,
-2903168721855671420,2022,1234,1200 Block of HAIGHT ST,Haight Ashbury,5,-122.450474554,37.769611726,14,1900,Occupied by non-owner,Studio,One bathroom,251-500 Sq.Ft,$1501-$1750,2022-06-22,2022,,,2022-06-24,1,
-2809880686144326034,2025,3180,300 Block of BRIGHTON AVE,Oceanview/Merced/Ingleside,11,-122.455200494,37.722760282,173,2012,Occupied by non-owner,Two-Bedroom,Two bathrooms,1001-1250 Sq.Ft,$3251-$3500,2021-10-15,2021,,,2025-02-23,0,
-2726516931756780476,2024,7381,200 Block of N LAKE MERCED HLS,Lakeshore,7,-122.485266252,37.716523518,1.0,1975,Occupied by non-owner,Three-Bedroom,Two and a half bathrooms,1751-2000 Sq.Ft,$5501-$5750,2022-07-08,2022,,,2024-01-22,0,
-2686673666588913016,2023,2616,500 Block of BUENA VISTA AVE,Castro/Upper Market,8,-122.438217184,37.768080117,41,1929,Occupied by non-owner,Three-Bedroom,Two bathrooms,1001-1250 Sq.Ft,$4751-$5000,2021-11-13,2021,,,2023-01-13,0,
-4434680625923587748,2023,3557,100 Block of LANDERS ST,Castro/Upper Market,8,-122.42772252,37.765099987,6,1965,Occupied by non-owner,Two-Bedroom,One bathroom,501-750 Sq.Ft,$1501-$1750,,2023,,,2023-02-11,0,
-4434587645554777327,2024,0321,700 Block of OFARRELL ST,Tenderloin,5,-122.41706961,37.785217363,33,1922,Occupied by non-owner,Studio,One bathroom,251-500 Sq.Ft,$1001-$1250,2002-11-01,2002,,,2024-02-23,0,
-4434249522957904052,2025,4153,1000 Block of HAMPSHIRE ST,Mission,9,-122.407456231,37.755311721,4,1937,Occupied by non-owner,One-Bedroom,One bathroom,501-750 Sq.Ft,$2251-$2500,2021-09-09,2021,,,2025-04-17,0,
-4433942842452141587,2025,3736A,500 Block of FOLSOM ST,Financial District/South Beach,6,-122.394922601,37.787027218,537.0,2019,Occupied by non-owner,Studio,One bathroom,251-500 Sq.Ft,$2501-$2750,2024-04-13,2024,,,2025-02-28,0,
-4433652113960048275,2026,0251,1200 Block of PINE ST,Nob Hill,3,-122.416392889,37.790203959,25.0,1927,Vacant,Studio,One bathroom,0-250 Sq.Ft,$0 (no rent paid by the occupant),,,,2025-04-12,2026-02-25,0,
-4433465054853307435,2025,1143,2700 Block of GOLDEN GATE AVE,Lone Mountain/USF,1,-122.455945573,37.776979909,4,1900,Occupied by non-owner,One-Bedroom,One bathroom,501-750 Sq.Ft,$1501-$1750,2010-02-01,2010,,,2025-01-23,,
-4433335170923105958,2025,1226,1800 Block of PAGE ST,Haight Ashbury,5,-122.451242158,37.770470293,4,1908,Occupied by non-owner,One-Bedroom,One bathroom,501-750 Sq.Ft,$3001-$3250,2016-08-01,2016,,,2025-03-04,,
-4433132139593355822,2022,3608,800 Block of GUERRERO ST,Mission,9,-122.423259252,37.757165651,14,1925,Occupied by non-owner,Two-Bedroom,One bathroom,1001-1250 Sq.Ft,$2251-$2500,2005-10-31,2005,,,2022-06-28,0,
-4816884108157899781,2023,0145,0 Block of ROMOLO ST,North Beach,3,-122.406233728,37.798263576,14,1907,Occupied by non-owner,Three-Bedroom,Two bathrooms,1001-1250 Sq.Ft,$1501-$1750,1979-06-01,1979,,,2023-02-27,0,
-4654564482571947570,2022,0285,400 Block of STOCKTON ST,Chinatown,3,-122.408928384,37.798793964,70,1911,Occupied by non-owner,Studio,One bathroom,501-750 Sq.Ft,$1001-$1250,2020-11-03,2020,,,2022-07-28,0,heat
-4603512479828523145,2024,7331,100 Block of SUMMIT WAY,Lakeshore,7,-122.476338616,37.714950117,1,2015,Occupied by non-owner,Three-Bedroom,Two and a half bathrooms,1501-1750 Sq.Ft,$3751-$4000,2019-03-27,2019,,,2024-04-27,,
-4568518449398698182,2023,1804,1300 Block of LA PLAYA ST,Sunset/Parkside,4,-122.509404715,37.763084762,28,1958,Occupied by non-owner,One-Bedroom,One bathroom,501-750 Sq.Ft,$2751-$3000,2022-01-06,2022,,,2023-10-13,,
-4497852622283079627,2024,3180,300 Block of BRIGHTON AVE,Oceanview/Merced/Ingleside,11,-122.455184003,37.719136184,173,2012,Occupied by non-owner,Two-Bedroom,Two bathrooms,1001-1250 Sq.Ft,$3501-$3750,2020-08-15,2020,,,2024-03-01,0,
-4410706459591018312,2024,0196,,South of Market,6,-122.397440475,37.780826106,14.0,,Occupied by non-owner,Two-Bedroom,Two bathrooms,1001-1250 Sq.Ft,$3751-$4000,2021-05-28,2021,,,2024-05-23,0,
-4314281966878376592,2023,8720,400 Block of MISSION BAY BLVD,Mission Bay,6,-122.398554627,37.769625656,1,2012,Occupied by non-owner,One-Bedroom,One bathroom,751-1000 Sq.Ft,$4001-$4250,2022-07-08,2022,,,2023-02-27,1,
-4105088854470950195,2024,0196,,Tenderloin,5,-122.413326362,37.783692487,14.0,,Occupied by non-owner,Studio,One bathroom,251-500 Sq.Ft,$2501-$2750,2021-09-17,2021,,,2024-05-23,0,
-4032706150502801283,2023,7381,200 Block of N LAKE MERCED HLS,Lakeshore,7,-122.485235723,37.708630982,0,1975,Occupied by non-owner,Four-Bedroom,Three bathrooms or more,2251-2500 Sq.Ft,$7000+,2021-12-19,2021,,,2023-02-17,0,
-3787945642380863712,2025,1234,1200 Block of HAIGHT ST,Haight Ashbury,5,-122.451298931,37.769506587,18,1906,Occupied by non-owner,Two-Bedroom,One bathroom,1251-1500 Sq.Ft,$2751-$3000,2014-08-01,2014,,,2025-02-19,0,
-3777067750683434795,2024,4591C,400 Block of DONAHUE ST,Bayview Hunters Point,10,-122.370476871,37.728345599,1,2016,Occupied by non-owner,One-Bedroom,One bathroom,501-750 Sq.Ft,$2751-$3000,2024-02-07,2024,,,2024-09-24,,
-3732626779268447587,2024,0145,0 Block of ROMOLO ST,North Beach,3,-122.406332771,37.798739186,14,1907,Occupied by non-owner,Two-Bedroom,One bathroom,501-750 Sq.Ft,$3251-$3500,2023-10-08,2023,,,2024-02-18,1,
-3694689223250387939,2025,2616,500 Block of BUENA VISTA AVE,Castro/Upper Market,8,-122.438217184,37.768080117,41,1929,Occupied by non-owner,One-Bedroom,One bathroom,1001-1250 Sq.Ft,$2751-$3000,2002-08-01,2002,,,2025-02-27,0,
-3670869415681847738,2024,7331,0 Block of SUMMIT WAY,Lakeshore,7,-122.476338616,37.714950117,1,2015,Occupied by owner,,,Unknown,,,,,,2023-12-27,,
-3619952163315933680,2025,8720,400 Block of MISSION BAY BLVD,Mission Bay,6,-122.398554627,37.769625656,1,2012,Occupied by non-owner,Two-Bedroom,Two bathrooms,1251-1500 Sq.Ft,$6001-$6250,2025-04-01,2025,,,2025-04-30,0,
-3427885846288190227,2026,4591C,500 Block of DONAHUE ST,Bayview Hunters Point,10,-122.370476871,37.728345599,1,2016,Occupied by owner,,,Unknown,,,,,,2026-04-21,,
-3270336762932843135,2026,3180,300 Block of BRIGHTON AVE,Oceanview/Merced/Ingleside,11,-122.455184003,37.719136184,173,2012,Occupied by non-owner,Two-Bedroom,Two bathrooms,1001-1250 Sq.Ft,$4501-$4750,2022-12-23,2022,,,2026-02-27,0,
-3028987599837414233,2025,0285,400 Block of STOCKTON ST,Chinatown,3,-122.408928384,37.798793964,70,1911,Occupied by non-owner,Studio,One bathroom,251-500 Sq.Ft,$1001-$1250,2007-04-01,2007,,,2025-02-21,0,
-3002374272333276884,2024,5476,1800 Block of BAY SHORE BLVD,Bayview Hunters Point,10,-122.403074535,37.711670115,4,1964,Occupied by non-owner,Two-Bedroom,One bathroom,751-1000 Sq.Ft,$2501-$2750,2019-03-31,2019,,,2024-02-09,,
-2970547860718447311,2024,0145,0 Block of ROMOLO ST,North Beach,3,-122.406332771,37.798739186,14,1907,Occupied by non-owner,One-Bedroom,One bathroom,501-750 Sq.Ft,$1251-$1500,2003-02-15,2003,,,2024-02-18,0,
-2945618696558686229,2024,7331,100 Block of SUMMIT WAY,Lakeshore,7,-122.476338616,37.714950117,1,2015,Occupied by owner,,,Unknown,,,,,,2024-04-27,,
-2833308094550097669,2024,3180,300 Block of BRIGHTON AVE,Oceanview/Merced/Ingleside,11,-122.455184003,37.719136184,173,2012,Occupied by non-owner,Two-Bedroom,Two bathrooms,1001-1250 Sq.Ft,$3501-$3750,2023-01-13,2023,,,2024-03-01,0,
-2681217775347369556,2022,0285,400 Block of STOCKTON ST,Chinatown,3,-122.408410392,37.796255117,70,1911,Occupied by non-owner,Two-Bedroom,One bathroom,501-750 Sq.Ft,$1751-$2000,2008-02-01,2008,,,2022-07-28,0,heat
-4434538368633562811,2024,0345,300 Block of TURK ST,Tenderloin,5,-122.414862827,37.782635513,232,1928,Occupied by non-owner,Studio,One bathroom,0-250 Sq.Ft,$1251-$1500,,,,,2024-03-01,0,heat
-4434064070611932865,2024,3911,0 Block of HENRY ADAMS ST,Mission Bay,6,-122.403888909,37.769190148,156,2017,Occupied by non-owner,One-Bedroom,One bathroom,501-750 Sq.Ft,$2751-$3000,2023-12-30,2023,,,2024-02-15,1,
-4433992427041151487,2022,0814,100 Block of VAN NESS AVE,Tenderloin,6,-122.419454933,37.776852076,418.0,2015,Occupied by non-owner,Two-Bedroom,Two bathrooms,751-1000 Sq.Ft,$3751-$4000,2021-01-10,2021,,,2022-07-01,1,
-4433353261566286354,2026,0912,3800 Block of SCOTT ST,Marina,2,-122.442289388,37.805319345,1,1928,Occupied by non-owner,One-Bedroom,One bathroom,501-750 Sq.Ft,$3501-$3750,2021-05-20,2021,,,2026-03-02,0,
-4960250685349134433,2024,4644,700 Block of EARL ST,Bayview Hunters Point,10,-122.373398083,37.728278905,4,1947,Occupied by non-owner,Two-Bedroom,Two bathrooms,751-1000 Sq.Ft,$3251-$3500,2018-10-18,2018,,,2024-03-29,,
-4649368969776314776,2023,0285,400 Block of STOCKTON ST,Chinatown,3,-122.408928384,37.798793964,70,1911,Occupied by non-owner,Studio,One bathroom,251-500 Sq.Ft,$1251-$1500,2021-11-01,2021,,,2023-02-24,0,
-4614387529413923282,2024,3180,300 Block of BRIGHTON AVE,Oceanview/Merced/Ingleside,11,-122.455184003,37.719136184,173,2012,Occupied by non-owner,One-Bedroom,One bathroom,751-1000 Sq.Ft,$1251-$1500,2014-09-27,2014,,,2024-03-01,0,
-4566659994532719156,2023,3180,300 Block of BRIGHTON AVE,Oceanview/Merced/Ingleside,11,-122.455184003,37.719136184,173,2012,Occupied by non-owner,Two-Bedroom,Two bathrooms,1001-1250 Sq.Ft,$3501-$3750,2022-10-15,2022,,,2023-02-28,1,
-4291750955326937300,2025,8720,400 Block of MISSION BAY BLVD,Mission Bay,6,-122.397353761,37.770178821,1,2012,Occupied by non-owner,One-Bedroom,One and a half bathrooms,1001-1250 Sq.Ft,$4501-$4750,2023-03-17,2023,,,2025-03-12,0,
-4248970404573904686,2022,3180,300 Block of BRIGHTON AVE,Oceanview/Merced/Ingleside,11,-122.455184003,37.719136184,173,2012,Occupied by non-owner,Two-Bedroom,Two bathrooms,1001-1250 Sq.Ft,$3251-$3500,2021-04-29,2021,,,2022-06-30,0,
-4122489733265579883,2026,0285,400 Block of STOCKTON ST,Chinatown,3,-122.408562639,37.797006795,72.0,1911,Occupied by non-owner,Two-Bedroom,One bathroom,501-750 Sq.Ft,$2251-$2500,2022-12-01,2022,,,2026-02-10,1,
-4113802835905655447,2024,1639,,Inner Richmond,1,-122.466563874,37.781883928,0.0,,Occupied by owner,,,Unknown,,,,,,2024-02-28,,
-4089526336496844329,2025,3180,300 Block of BRIGHTON AVE,Oceanview/Merced/Ingleside,11,-122.455184003,37.719136184,173,2012,Occupied by non-owner,Two-Bedroom,Two bathrooms,1001-1250 Sq.Ft,$3501-$3750,2021-10-16,2021,,,2025-02-23,0,
